crime_code,crime_type,occurred_at,latitude,longitude,address,description,police_station,is_accident,is_women_related,severity
NDPS-27,NDPS-DrugConsumption,2025-04-21T16:59:00,12.932335,77.607033,"Sector 46, Zone 9","Base dataset FIR #1: NDPS-DrugConsumption recorded near patrol zone served by Mylapore PS. Generated for analytics, upload, and demo seeding.",Mylapore PS,False,False,3
379,IPC-Theft,2025-11-20T15:37:00,12.94257,77.620345,"Sector 35, Zone 1","Base dataset FIR #2: IPC-Theft recorded near patrol zone served by Adyar PS. Generated for analytics, upload, and demo seeding.",Adyar PS,False,False,2
307,IPC-AttemptToMurder,2025-04-09T13:06:00,17.443547,78.446639,"Sector 35, Zone 11","Base dataset FIR #3: IPC-AttemptToMurder recorded near patrol zone served by Anna Nagar PS. Generated for analytics, upload, and demo seeding.",Anna Nagar PS,False,False,4
420,IPC-Fraud,2025-12-13T22:45:00,12.936358,77.63812,"Sector 9, Zone 3","Base dataset FIR #4: IPC-Fraud recorded near patrol zone served by Tambaram PS. Generated for analytics, upload, and demo seeding.",Tambaram PS,False,False,3
379,IPC-Theft,2025-04-13T21:33:00,13.024746,77.521822,"Sector 44, Zone 9","Base dataset FIR #5: IPC-Theft recorded near patrol zone served by Anna Nagar PS. Generated for analytics, upload, and demo seeding.",Anna Nagar PS,False,False,2
420,IPC-Fraud,2025-05-12T08:27:00,13.080969,80.216816,"Sector 9, Zone 6","Base dataset FIR #6: IPC-Fraud recorded near patrol zone served by Adyar PS. Generated for analytics, upload, and demo seeding.",Adyar PS,False,False,3
420,IPC-Fraud,2025-05-09T01:45:00,17.446324,78.547472,"Sector 15, Zone 7","Base dataset FIR #7: IPC-Fraud recorded near patrol zone served by Tambaram PS. Generated for analytics, upload, and demo seeding.",Tambaram PS,False,False,3
420,IPC-Fraud,2025-05-22T17:06:00,12.933461,77.627844,"Sector 42, Zone 1","Base dataset FIR #8: IPC-Fraud recorded near patrol zone served by Mylapore PS. Generated for analytics, upload, and demo seeding.",Mylapore PS,False,False,3
379,IPC-Theft,2026-02-20T22:09:00,17.339817,78.470082,"Sector 21, Zone 2","Base dataset FIR #9: IPC-Theft recorded near patrol zone served by T. Nagar PS. Generated for analytics, upload, and demo seeding.",T. Nagar PS,False,False,2
379,IPC-Theft,2025-08-29T13:03:00,17.320833,78.545745,"Sector 50, Zone 12","Base dataset FIR #10: IPC-Theft recorded near patrol zone served by Tambaram PS. Generated for analytics, upload, and demo seeding.",Tambaram PS,False,False,2
MV-184,Accident-RashDriving,2025-10-01T18:58:00,12.927449,77.608491,"Sector 32, Zone 7","Base dataset FIR #11: Accident-RashDriving recorded near patrol zone served by Anna Nagar PS. Generated for analytics, upload, and demo seeding.",Anna Nagar PS,True,False,3
NDPS-21,NDPS-DrugPossession,2025-11-19T08:45:00,13.074065,80.257764,"Sector 30, Zone 8","Base dataset FIR #12: NDPS-DrugPossession recorded near patrol zone served by Tambaram PS. Generated for analytics, upload, and demo seeding.",Tambaram PS,False,False,4
ARMS-25,ArmsAct-IllegalWeapon,2025-09-09T05:01:00,17.452848,78.464894,"Sector 18, Zone 7","Base dataset FIR #13: ArmsAct-IllegalWeapon recorded near patrol zone served by Velachery PS. Generated for analytics, upload, and demo seeding.",Velachery PS,False,False,4
420,IPC-Fraud,2025-12-06T22:01:00,12.958198,77.651838,"Sector 33, Zone 10","Base dataset FIR #14: IPC-Fraud recorded near patrol zone served by T. Nagar PS. Generated for analytics, upload, and demo seeding.",T. Nagar PS,False,False,3
323,IPC-Assault,2026-04-01T06:03:00,13.05694,80.325062,"Sector 2, Zone 9","Base dataset FIR #15: IPC-Assault recorded near patrol zone served by Adyar PS. Generated for analytics, upload, and demo seeding.",Adyar PS,False,False,2
376,IPC-SexualOffence,2025-10-01T08:17:00,12.940735,77.537125,"Sector 8, Zone 9","Base dataset FIR #16: IPC-SexualOffence recorded near patrol zone served by Mylapore PS. Generated for analytics, upload, and demo seeding.",Mylapore PS,False,True,5
420,IPC-Fraud,2025-09-20T16:33:00,13.073051,80.340351,"Sector 40, Zone 10","Base dataset FIR #17: IPC-Fraud recorded near patrol zone served by Mylapore PS. Generated for analytics, upload, and demo seeding.",Mylapore PS,False,False,3
379,IPC-Theft,2025-06-30T01:01:00,17.429276,78.460213,"Sector 43, Zone 1","Base dataset FIR #18: IPC-Theft recorded near patrol zone served by Tambaram PS. Generated for analytics, upload, and demo seeding.",Tambaram PS,False,False,2
NDPS-21,NDPS-DrugPossession,2026-02-18T14:59:00,13.065022,80.246844,"Sector 43, Zone 3","Base dataset FIR #19: NDPS-DrugPossession recorded near patrol zone served by Mylapore PS. Generated for analytics, upload, and demo seeding.",Mylapore PS,False,False,4
323,IPC-Assault,2025-08-11T06:00:00,17.432154,78.460386,"Sector 24, Zone 2","Base dataset FIR #20: IPC-Assault recorded near patrol zone served by Anna Nagar PS. Generated for analytics, upload, and demo seeding.",Anna Nagar PS,False,True,2
420,IPC-Fraud,2025-05-08T20:17:00,17.354281,78.536183,"Sector 28, Zone 9","Base dataset FIR #21: IPC-Fraud recorded near patrol zone served by Adyar PS. Generated for analytics, upload, and demo seeding.",Adyar PS,False,False,3
420,IPC-Fraud,2025-11-03T18:17:00,12.936067,77.622314,"Sector 37, Zone 7","Base dataset FIR #22: IPC-Fraud recorded near patrol zone served by Velachery PS. Generated for analytics, upload, and demo seeding.",Velachery PS,False,False,3
420,IPC-Fraud,2025-09-01T10:14:00,13.053665,80.314496,"Sector 19, Zone 7","Base dataset FIR #23: IPC-Fraud recorded near patrol zone served by T. Nagar PS. Generated for analytics, upload, and demo seeding.",T. Nagar PS,False,False,3
376,IPC-SexualOffence,2026-03-19T02:32:00,17.337823,78.471318,"Sector 50, Zone 7","Base dataset FIR #24: IPC-SexualOffence recorded near patrol zone served by Velachery PS. Generated for analytics, upload, and demo seeding.",Velachery PS,False,False,5
323,IPC-Assault,2025-08-09T03:06:00,13.067642,80.243104,"Sector 38, Zone 10","Base dataset FIR #25: IPC-Assault recorded near patrol zone served by Velachery PS. Generated for analytics, upload, and demo seeding.",Velachery PS,False,False,2
323,IPC-Assault,2025-07-05T14:09:00,17.429734,78.458683,"Sector 11, Zone 2","Base dataset FIR #26: IPC-Assault recorded near patrol zone served by Adyar PS. Generated for analytics, upload, and demo seeding.",Adyar PS,False,False,2
MV-184,Accident-RashDriving,2025-12-17T06:25:00,13.047846,80.257553,"Sector 24, Zone 3","Base dataset FIR #27: Accident-RashDriving recorded near patrol zone served by Tambaram PS. Generated for analytics, upload, and demo seeding.",Tambaram PS,True,False,3
NDPS-27,NDPS-DrugConsumption,2026-03-26T05:20:00,12.945287,77.625521,"Sector 39, Zone 10","Base dataset FIR #28: NDPS-DrugConsumption recorded near patrol zone served by Anna Nagar PS. Generated for analytics, upload, and demo seeding.",Anna Nagar PS,False,False,3
376,IPC-SexualOffence,2025-05-03T01:25:00,13.037957,77.663666,"Sector 44, Zone 8","Base dataset FIR #29: IPC-SexualOffence recorded near patrol zone served by T. Nagar PS. Generated for analytics, upload, and demo seeding.",T. Nagar PS,False,True,5
MV-184,Accident-RashDriving,2025-05-18T04:20:00,17.397469,78.528406,"Sector 13, Zone 12","Base dataset FIR #30: Accident-RashDriving recorded near patrol zone served by Tambaram PS. Generated for analytics, upload, and demo seeding.",Tambaram PS,True,False,3
NDPS-21,NDPS-DrugPossession,2025-08-01T08:18:00,17.437163,78.445932,"Sector 5, Zone 2","Base dataset FIR #31: NDPS-DrugPossession recorded near patrol zone served by Velachery PS. Generated for analytics, upload, and demo seeding.",Velachery PS,False,False,4
379,IPC-Theft,2025-05-03T07:22:00,17.314899,78.51613,"Sector 38, Zone 11","Base dataset FIR #32: IPC-Theft recorded near patrol zone served by T. Nagar PS. Generated for analytics, upload, and demo seeding.",T. Nagar PS,False,False,2
323,IPC-Assault,2026-02-20T02:35:00,17.448203,78.433771,"Sector 39, Zone 5","Base dataset FIR #33: IPC-Assault recorded near patrol zone served by Tambaram PS. Generated for analytics, upload, and demo seeding.",Tambaram PS,False,False,2
NDPS-27,NDPS-DrugConsumption,2025-05-29T09:39:00,13.048213,80.241195,"Sector 12, Zone 1","Base dataset FIR #34: NDPS-DrugConsumption recorded near patrol zone served by Adyar PS. Generated for analytics, upload, and demo seeding.",Adyar PS,False,False,3
ARMS-25,ArmsAct-IllegalWeapon,2025-12-09T13:12:00,12.92487,77.63776,"Sector 34, Zone 2","Base dataset FIR #35: ArmsAct-IllegalWeapon recorded near patrol zone served by Adyar PS. Generated for analytics, upload, and demo seeding.",Adyar PS,False,False,4
379,IPC-Theft,2025-11-19T10:36:00,17.431846,78.53286,"Sector 30, Zone 6","Base dataset FIR #36: IPC-Theft recorded near patrol zone served by Anna Nagar PS. Generated for analytics, upload, and demo seeding.",Anna Nagar PS,False,False,2
379,IPC-Theft,2025-05-05T08:40:00,13.051359,80.234576,"Sector 45, Zone 9","Base dataset FIR #37: IPC-Theft recorded near patrol zone served by Adyar PS. Generated for analytics, upload, and demo seeding.",Adyar PS,False,False,2
420,IPC-Fraud,2026-02-20T03:47:00,13.073652,80.23475,"Sector 20, Zone 5","Base dataset FIR #38: IPC-Fraud recorded near patrol zone served by Anna Nagar PS. Generated for analytics, upload, and demo seeding.",Anna Nagar PS,False,False,3
NDPS-27,NDPS-DrugConsumption,2025-10-23T01:50:00,13.053515,80.235413,"Sector 45, Zone 2","Base dataset FIR #39: NDPS-DrugConsumption recorded near patrol zone served by Anna Nagar PS. Generated for analytics, upload, and demo seeding.",Anna Nagar PS,False,False,3
379,IPC-Theft,2026-03-01T08:54:00,17.422673,78.458552,"Sector 39, Zone 1","Base dataset FIR #40: IPC-Theft recorded near patrol zone served by Adyar PS. Generated for analytics, upload, and demo seeding.",Adyar PS,False,False,2
MV-184,Accident-RashDriving,2025-10-07T11:55:00,13.072865,80.243222,"Sector 14, Zone 5","Base dataset FIR #41: Accident-RashDriving recorded near patrol zone served by Anna Nagar PS. Generated for analytics, upload, and demo seeding.",Anna Nagar PS,True,False,3
379,IPC-Theft,2026-01-15T02:19:00,13.024965,80.282701,"Sector 46, Zone 4","Base dataset FIR #42: IPC-Theft recorded near patrol zone served by T. Nagar PS. Generated for analytics, upload, and demo seeding.",T. Nagar PS,False,False,2
ARMS-25,ArmsAct-IllegalWeapon,2025-07-10T09:59:00,13.044949,80.23146,"Sector 24, Zone 5","Base dataset FIR #43: ArmsAct-IllegalWeapon recorded near patrol zone served by Tambaram PS. Generated for analytics, upload, and demo seeding.",Tambaram PS,False,False,4
NDPS-27,NDPS-DrugConsumption,2025-10-11T17:25:00,13.041995,80.26366,"Sector 21, Zone 7","Base dataset FIR #44: NDPS-DrugConsumption recorded near patrol zone served by Tambaram PS. Generated for analytics, upload, and demo seeding.",Tambaram PS,False,False,3
379,IPC-Theft,2025-08-15T20:24:00,17.428221,78.452597,"Sector 28, Zone 6","Base dataset FIR #45: IPC-Theft recorded near patrol zone served by Adyar PS. Generated for analytics, upload, and demo seeding.",Adyar PS,False,False,2
379,IPC-Theft,2025-09-05T10:49:00,13.073066,80.252919,"Sector 47, Zone 3","Base dataset FIR #46: IPC-Theft recorded near patrol zone served by Mylapore PS. Generated for analytics, upload, and demo seeding.",Mylapore PS,False,False,2
NDPS-27,NDPS-DrugConsumption,2025-11-11T17:54:00,13.049086,80.257413,"Sector 15, Zone 6","Base dataset FIR #47: NDPS-DrugConsumption recorded near patrol zone served by Velachery PS. Generated for analytics, upload, and demo seeding.",Velachery PS,False,False,3
323,IPC-Assault,2026-01-08T13:21:00,12.944947,77.607763,"Sector 25, Zone 3","Base dataset FIR #48: IPC-Assault recorded near patrol zone served by Mylapore PS. Generated for analytics, upload, and demo seeding.",Mylapore PS,False,False,2
302,IPC-Murder,2025-09-13T03:38:00,17.427762,78.460569,"Sector 14, Zone 7","Base dataset FIR #49: IPC-Murder recorded near patrol zone served by Anna Nagar PS. Generated for analytics, upload, and demo seeding.",Anna Nagar PS,False,False,5
323,IPC-Assault,2025-06-18T07:04:00,12.929605,77.64247,"Sector 31, Zone 7","Base dataset FIR #50: IPC-Assault recorded near patrol zone served by Tambaram PS. Generated for analytics, upload, and demo seeding.",Tambaram PS,False,False,2
420,IPC-Fraud,2025-08-20T23:22:00,12.947666,77.64241,"Sector 13, Zone 9","Base dataset FIR #51: IPC-Fraud recorded near patrol zone served by Velachery PS. Generated for analytics, upload, and demo seeding.",Velachery PS,False,False,3
379,IPC-Theft,2025-06-12T19:54:00,17.422776,78.434314,"Sector 30, Zone 4","Base dataset FIR #52: IPC-Theft recorded near patrol zone served by Anna Nagar PS. Generated for analytics, upload, and demo seeding.",Anna Nagar PS,False,False,2
NDPS-21,NDPS-DrugPossession,2025-09-26T13:11:00,13.067325,80.237985,"Sector 6, Zone 7","Base dataset FIR #53: NDPS-DrugPossession recorded near patrol zone served by Adyar PS. Generated for analytics, upload, and demo seeding.",Adyar PS,False,False,4
ARMS-25,ArmsAct-IllegalWeapon,2026-03-13T09:34:00,12.938143,77.61794,"Sector 25, Zone 11","Base dataset FIR #54: ArmsAct-IllegalWeapon recorded near patrol zone served by Anna Nagar PS. Generated for analytics, upload, and demo seeding.",Anna Nagar PS,False,False,4
379,IPC-Theft,2026-01-23T12:17:00,12.963408,77.593269,"Sector 47, Zone 9","Base dataset FIR #55: IPC-Theft recorded near patrol zone served by Adyar PS. Generated for analytics, upload, and demo seeding.",Adyar PS,False,False,2
NDPS-27,NDPS-DrugConsumption,2025-12-17T17:57:00,13.048192,80.227007,"Sector 10, Zone 10","Base dataset FIR #56: NDPS-DrugConsumption recorded near patrol zone served by Tambaram PS. Generated for analytics, upload, and demo seeding.",Tambaram PS,False,False,3
379,IPC-Theft,2025-09-17T02:52:00,13.057471,80.248468,"Sector 11, Zone 10","Base dataset FIR #57: IPC-Theft recorded near patrol zone served by Adyar PS. Generated for analytics, upload, and demo seeding.",Adyar PS,False,False,2
323,IPC-Assault,2025-05-26T13:14:00,12.985701,77.661499,"Sector 23, Zone 6","Base dataset FIR #58: IPC-Assault recorded near patrol zone served by Mylapore PS. Generated for analytics, upload, and demo seeding.",Mylapore PS,False,False,2
NDPS-27,NDPS-DrugConsumption,2025-05-14T03:47:00,12.931719,77.608362,"Sector 19, Zone 10","Base dataset FIR #59: NDPS-DrugConsumption recorded near patrol zone served by Anna Nagar PS. Generated for analytics, upload, and demo seeding.",Anna Nagar PS,False,False,3
323,IPC-Assault,2025-10-01T04:02:00,12.986411,77.545849,"Sector 20, Zone 5","Base dataset FIR #60: IPC-Assault recorded near patrol zone served by Anna Nagar PS. Generated for analytics, upload, and demo seeding.",Anna Nagar PS,False,False,2
379,IPC-Theft,2025-07-13T10:08:00,13.040786,80.246505,"Sector 39, Zone 9","Base dataset FIR #61: IPC-Theft recorded near patrol zone served by T. Nagar PS. Generated for analytics, upload, and demo seeding.",T. Nagar PS,False,False,2
NDPS-21,NDPS-DrugPossession,2025-06-24T02:41:00,13.058522,80.244893,"Sector 50, Zone 9","Base dataset FIR #62: NDPS-DrugPossession recorded near patrol zone served by Tambaram PS. Generated for analytics, upload, and demo seeding.",Tambaram PS,False,False,4
307,IPC-AttemptToMurder,2025-12-08T16:44:00,13.097308,80.321905,"Sector 17, Zone 1","Base dataset FIR #63: IPC-AttemptToMurder recorded near patrol zone served by Adyar PS. Generated for analytics, upload, and demo seeding.",Adyar PS,False,False,4
MV-184,Accident-RashDriving,2025-05-03T20:21:00,13.049541,80.23529,"Sector 28, Zone 8","Base dataset FIR #64: Accident-RashDriving recorded near patrol zone served by Anna Nagar PS. Generated for analytics, upload, and demo seeding.",Anna Nagar PS,True,False,3
NDPS-21,NDPS-DrugPossession,2025-12-19T09:07:00,12.925617,77.629741,"Sector 47, Zone 4","Base dataset FIR #65: NDPS-DrugPossession recorded near patrol zone served by Adyar PS. Generated for analytics, upload, and demo seeding.",Adyar PS,False,False,4
323,IPC-Assault,2026-02-18T20:43:00,13.043712,77.565093,"Sector 31, Zone 6","Base dataset FIR #66: IPC-Assault recorded near patrol zone served by Adyar PS. Generated for analytics, upload, and demo seeding.",Adyar PS,False,False,2
379,IPC-Theft,2026-01-25T05:52:00,13.034645,80.214871,"Sector 48, Zone 2","Base dataset FIR #67: IPC-Theft recorded near patrol zone served by Anna Nagar PS. Generated for analytics, upload, and demo seeding.",Anna Nagar PS,False,False,2
ARMS-25,ArmsAct-IllegalWeapon,2025-12-04T00:29:00,13.13859,80.202897,"Sector 3, Zone 10","Base dataset FIR #68: ArmsAct-IllegalWeapon recorded near patrol zone served by Anna Nagar PS. Generated for analytics, upload, and demo seeding.",Anna Nagar PS,False,False,4
NDPS-21,NDPS-DrugPossession,2025-09-20T11:05:00,12.933944,77.638019,"Sector 8, Zone 11","Base dataset FIR #69: NDPS-DrugPossession recorded near patrol zone served by Anna Nagar PS. Generated for analytics, upload, and demo seeding.",Anna Nagar PS,False,False,4
379,IPC-Theft,2025-07-22T01:25:00,13.093754,80.326133,"Sector 8, Zone 2","Base dataset FIR #70: IPC-Theft recorded near patrol zone served by Mylapore PS. Generated for analytics, upload, and demo seeding.",Mylapore PS,False,False,2
379,IPC-Theft,2026-04-03T09:28:00,13.059466,80.253657,"Sector 42, Zone 9","Base dataset FIR #71: IPC-Theft recorded near patrol zone served by T. Nagar PS. Generated for analytics, upload, and demo seeding.",T. Nagar PS,False,False,2
379,IPC-Theft,2026-03-06T22:24:00,17.424428,78.459517,"Sector 25, Zone 10","Base dataset FIR #72: IPC-Theft recorded near patrol zone served by Anna Nagar PS. Generated for analytics, upload, and demo seeding.",Anna Nagar PS,False,False,2
MV-184,Accident-RashDriving,2025-05-10T20:42:00,17.439474,78.430481,"Sector 3, Zone 5","Base dataset FIR #73: Accident-RashDriving recorded near patrol zone served by Tambaram PS. Generated for analytics, upload, and demo seeding.",Tambaram PS,True,False,3
NDPS-21,NDPS-DrugPossession,2025-08-12T15:01:00,12.897859,77.5259,"Sector 32, Zone 4","Base dataset FIR #74: NDPS-DrugPossession recorded near patrol zone served by Tambaram PS. Generated for analytics, upload, and demo seeding.",Tambaram PS,False,False,4
379,IPC-Theft,2026-03-15T01:25:00,17.404563,78.490108,"Sector 47, Zone 1","Base dataset FIR #75: IPC-Theft recorded near patrol zone served by Mylapore PS. Generated for analytics, upload, and demo seeding.",Mylapore PS,False,False,2
MV-184,Accident-RashDriving,2026-01-02T08:47:00,17.434831,78.440191,"Sector 43, Zone 10","Base dataset FIR #76: Accident-RashDriving recorded near patrol zone served by Velachery PS. Generated for analytics, upload, and demo seeding.",Velachery PS,True,False,3
379,IPC-Theft,2025-06-15T13:18:00,17.435675,78.444381,"Sector 38, Zone 9","Base dataset FIR #77: IPC-Theft recorded near patrol zone served by Tambaram PS. Generated for analytics, upload, and demo seeding.",Tambaram PS,False,False,2
323,IPC-Assault,2025-06-14T23:24:00,12.930212,77.640935,"Sector 40, Zone 1","Base dataset FIR #78: IPC-Assault recorded near patrol zone served by Mylapore PS. Generated for analytics, upload, and demo seeding.",Mylapore PS,False,False,2
379,IPC-Theft,2025-05-17T23:19:00,13.06751,80.242303,"Sector 32, Zone 7","Base dataset FIR #79: IPC-Theft recorded near patrol zone served by Tambaram PS. Generated for analytics, upload, and demo seeding.",Tambaram PS,False,False,2
307,IPC-AttemptToMurder,2025-08-24T10:55:00,17.45574,78.506978,"Sector 45, Zone 12","Base dataset FIR #80: IPC-AttemptToMurder recorded near patrol zone served by Tambaram PS. Generated for analytics, upload, and demo seeding.",Tambaram PS,False,False,4
NDPS-21,NDPS-DrugPossession,2025-05-02T21:20:00,12.947566,77.639476,"Sector 37, Zone 5","Base dataset FIR #81: NDPS-DrugPossession recorded near patrol zone served by T. Nagar PS. Generated for analytics, upload, and demo seeding.",T. Nagar PS,False,False,4
379,IPC-Theft,2025-06-21T02:26:00,17.452561,78.456881,"Sector 45, Zone 6","Base dataset FIR #82: IPC-Theft recorded near patrol zone served by Tambaram PS. Generated for analytics, upload, and demo seeding.",Tambaram PS,False,False,2
NDPS-21,NDPS-DrugPossession,2025-10-11T08:55:00,13.053522,80.227517,"Sector 48, Zone 7","Base dataset FIR #83: NDPS-DrugPossession recorded near patrol zone served by Mylapore PS. Generated for analytics, upload, and demo seeding.",Mylapore PS,False,False,4
379,IPC-Theft,2025-08-24T00:28:00,13.049556,80.248743,"Sector 46, Zone 2","Base dataset FIR #84: IPC-Theft recorded near patrol zone served by Mylapore PS. Generated for analytics, upload, and demo seeding.",Mylapore PS,False,False,2
ARMS-25,ArmsAct-IllegalWeapon,2025-04-24T06:11:00,13.1408,80.250932,"Sector 10, Zone 7","Base dataset FIR #85: ArmsAct-IllegalWeapon recorded near patrol zone served by Anna Nagar PS. Generated for analytics, upload, and demo seeding.",Anna Nagar PS,False,False,4
323,IPC-Assault,2025-04-06T20:16:00,12.941708,77.609737,"Sector 39, Zone 4","Base dataset FIR #86: IPC-Assault recorded near patrol zone served by T. Nagar PS. Generated for analytics, upload, and demo seeding.",T. Nagar PS,False,False,2
420,IPC-Fraud,2025-11-27T06:34:00,13.106714,80.223202,"Sector 24, Zone 5","Base dataset FIR #87: IPC-Fraud recorded near patrol zone served by Velachery PS. Generated for analytics, upload, and demo seeding.",Velachery PS,False,False,3
376,IPC-SexualOffence,2025-05-25T19:43:00,13.050954,80.199772,"Sector 5, Zone 5","Base dataset FIR #88: IPC-SexualOffence recorded near patrol zone served by Mylapore PS. Generated for analytics, upload, and demo seeding.",Mylapore PS,False,True,5
323,IPC-Assault,2026-02-19T12:01:00,17.424216,78.431494,"Sector 29, Zone 7","Base dataset FIR #89: IPC-Assault recorded near patrol zone served by Mylapore PS. Generated for analytics, upload, and demo seeding.",Mylapore PS,False,False,2
379,IPC-Theft,2025-10-12T06:28:00,13.058331,80.25487,"Sector 30, Zone 2","Base dataset FIR #90: IPC-Theft recorded near patrol zone served by Tambaram PS. Generated for analytics, upload, and demo seeding.",Tambaram PS,False,False,2
323,IPC-Assault,2025-06-28T06:32:00,13.067453,80.23637,"Sector 40, Zone 3","Base dataset FIR #91: IPC-Assault recorded near patrol zone served by Velachery PS. Generated for analytics, upload, and demo seeding.",Velachery PS,False,False,2
379,IPC-Theft,2025-05-13T01:11:00,13.074599,80.231796,"Sector 38, Zone 4","Base dataset FIR #92: IPC-Theft recorded near patrol zone served by Tambaram PS. Generated for analytics, upload, and demo seeding.",Tambaram PS,False,False,2
379,IPC-Theft,2025-11-22T07:45:00,17.420207,78.431432,"Sector 23, Zone 8","Base dataset FIR #93: IPC-Theft recorded near patrol zone served by Velachery PS. Generated for analytics, upload, and demo seeding.",Velachery PS,False,False,2
NDPS-27,NDPS-DrugConsumption,2025-12-01T19:37:00,17.345047,78.545696,"Sector 29, Zone 1","Base dataset FIR #94: NDPS-DrugConsumption recorded near patrol zone served by Velachery PS. Generated for analytics, upload, and demo seeding.",Velachery PS,False,False,3
MV-184,Accident-RashDriving,2025-06-07T16:11:00,12.99549,77.533945,"Sector 30, Zone 5","Base dataset FIR #95: Accident-RashDriving recorded near patrol zone served by Adyar PS. Generated for analytics, upload, and demo seeding.",Adyar PS,True,False,3
ARMS-25,ArmsAct-IllegalWeapon,2025-07-05T12:40:00,17.436132,78.442817,"Sector 6, Zone 1","Base dataset FIR #96: ArmsAct-IllegalWeapon recorded near patrol zone served by Tambaram PS. Generated for analytics, upload, and demo seeding.",Tambaram PS,False,False,4
NDPS-27,NDPS-DrugConsumption,2025-06-18T17:34:00,17.441454,78.436397,"Sector 29, Zone 6","Base dataset FIR #97: NDPS-DrugConsumption recorded near patrol zone served by Velachery PS. Generated for analytics, upload, and demo seeding.",Velachery PS,False,False,3
420,IPC-Fraud,2025-09-02T22:59:00,13.044793,80.257905,"Sector 33, Zone 4","Base dataset FIR #98: IPC-Fraud recorded near patrol zone served by Mylapore PS. Generated for analytics, upload, and demo seeding.",Mylapore PS,False,False,3
420,IPC-Fraud,2026-02-10T11:25:00,17.448336,78.460102,"Sector 31, Zone 5","Base dataset FIR #99: IPC-Fraud recorded near patrol zone served by T. Nagar PS. Generated for analytics, upload, and demo seeding.",T. Nagar PS,False,False,3
379,IPC-Theft,2025-10-27T15:31:00,13.020926,77.664372,"Sector 27, Zone 12","Base dataset FIR #100: IPC-Theft recorded near patrol zone served by Mylapore PS. Generated for analytics, upload, and demo seeding.",Mylapore PS,False,False,2
NDPS-21,NDPS-DrugPossession,2025-11-16T00:43:00,17.435056,78.457319,"Sector 8, Zone 12","Base dataset FIR #101: NDPS-DrugPossession recorded near patrol zone served by T. Nagar PS. Generated for analytics, upload, and demo seeding.",T. Nagar PS,False,False,4
MV-184,Accident-RashDriving,2025-10-13T03:59:00,12.927727,77.617822,"Sector 47, Zone 5","Base dataset FIR #102: Accident-RashDriving recorded near patrol zone served by Adyar PS. Generated for analytics, upload, and demo seeding.",Adyar PS,True,False,3
379,IPC-Theft,2025-08-23T20:32:00,12.941485,77.623374,"Sector 37, Zone 9","Base dataset FIR #103: IPC-Theft recorded near patrol zone served by Adyar PS. Generated for analytics, upload, and demo seeding.",Adyar PS,False,False,2
323,IPC-Assault,2025-10-28T15:43:00,17.453861,78.452963,"Sector 43, Zone 2","Base dataset FIR #104: IPC-Assault recorded near patrol zone served by T. Nagar PS. Generated for analytics, upload, and demo seeding.",T. Nagar PS,False,False,2
420,IPC-Fraud,2025-12-03T01:57:00,13.019134,80.277401,"Sector 6, Zone 6","Base dataset FIR #105: IPC-Fraud recorded near patrol zone served by Anna Nagar PS. Generated for analytics, upload, and demo seeding.",Anna Nagar PS,False,False,3
NDPS-27,NDPS-DrugConsumption,2025-12-26T15:39:00,13.063851,80.230693,"Sector 29, Zone 1","Base dataset FIR #106: NDPS-DrugConsumption recorded near patrol zone served by Adyar PS. Generated for analytics, upload, and demo seeding.",Adyar PS,False,False,3
MV-184,Accident-RashDriving,2025-10-19T11:30:00,17.430627,78.463002,"Sector 20, Zone 9","Base dataset FIR #107: Accident-RashDriving recorded near patrol zone served by Tambaram PS. Generated for analytics, upload, and demo seeding.",Tambaram PS,True,False,3
379,IPC-Theft,2025-11-16T16:33:00,12.970436,77.60746,"Sector 35, Zone 4","Base dataset FIR #108: IPC-Theft recorded near patrol zone served by Adyar PS. Generated for analytics, upload, and demo seeding.",Adyar PS,False,False,2
307,IPC-AttemptToMurder,2025-08-05T15:08:00,12.951405,77.638836,"Sector 26, Zone 10","Base dataset FIR #109: IPC-AttemptToMurder recorded near patrol zone served by Adyar PS. Generated for analytics, upload, and demo seeding.",Adyar PS,False,False,4
379,IPC-Theft,2025-05-26T18:52:00,12.93022,77.625941,"Sector 44, Zone 9","Base dataset FIR #110: IPC-Theft recorded near patrol zone served by Anna Nagar PS. Generated for analytics, upload, and demo seeding.",Anna Nagar PS,False,False,2
NDPS-27,NDPS-DrugConsumption,2025-09-16T07:11:00,12.940863,77.617976,"Sector 24, Zone 10","Base dataset FIR #111: NDPS-DrugConsumption recorded near patrol zone served by Tambaram PS. Generated for analytics, upload, and demo seeding.",Tambaram PS,False,False,3
379,IPC-Theft,2025-10-10T04:32:00,17.448978,78.433202,"Sector 6, Zone 9","Base dataset FIR #112: IPC-Theft recorded near patrol zone served by Tambaram PS. Generated for analytics, upload, and demo seeding.",Tambaram PS,False,False,2
MV-184,Accident-RashDriving,2025-07-27T16:27:00,12.951933,77.630539,"Sector 22, Zone 10","Base dataset FIR #113: Accident-RashDriving recorded near patrol zone served by Anna Nagar PS. Generated for analytics, upload, and demo seeding.",Anna Nagar PS,True,False,3
NDPS-21,NDPS-DrugPossession,2025-08-07T11:03:00,17.435447,78.446111,"Sector 31, Zone 8","Base dataset FIR #114: NDPS-DrugPossession recorded near patrol zone served by Mylapore PS. Generated for analytics, upload, and demo seeding.",Mylapore PS,False,False,4
420,IPC-Fraud,2025-11-05T05:33:00,13.056249,80.232013,"Sector 40, Zone 9","Base dataset FIR #115: IPC-Fraud recorded near patrol zone served by Tambaram PS. Generated for analytics, upload, and demo seeding.",Tambaram PS,False,False,3
307,IPC-AttemptToMurder,2025-09-07T01:11:00,12.930899,77.666172,"Sector 7, Zone 9","Base dataset FIR #116: IPC-AttemptToMurder recorded near patrol zone served by Mylapore PS. Generated for analytics, upload, and demo seeding.",Mylapore PS,False,False,4
NDPS-21,NDPS-DrugPossession,2025-08-09T22:00:00,12.933957,77.629706,"Sector 44, Zone 4","Base dataset FIR #117: NDPS-DrugPossession recorded near patrol zone served by Adyar PS. Generated for analytics, upload, and demo seeding.",Adyar PS,False,False,4
MV-184,Accident-RashDriving,2026-01-24T08:30:00,13.033475,80.283556,"Sector 39, Zone 5","Base dataset FIR #118: Accident-RashDriving recorded near patrol zone served by Velachery PS. Generated for analytics, upload, and demo seeding.",Velachery PS,True,False,3
307,IPC-AttemptToMurder,2026-04-02T12:57:00,13.04862,80.238912,"Sector 2, Zone 2","Base dataset FIR #119: IPC-AttemptToMurder recorded near patrol zone served by Adyar PS. Generated for analytics, upload, and demo seeding.",Adyar PS,False,False,4
379,IPC-Theft,2026-01-16T23:15:00,12.926481,77.621901,"Sector 13, Zone 11","Base dataset FIR #120: IPC-Theft recorded near patrol zone served by Mylapore PS. Generated for analytics, upload, and demo seeding.",Mylapore PS,False,False,2
NDPS-21,NDPS-DrugPossession,2025-08-01T08:02:00,17.446556,78.432898,"Sector 47, Zone 1","Base dataset FIR #121: NDPS-DrugPossession recorded near patrol zone served by Mylapore PS. Generated for analytics, upload, and demo seeding.",Mylapore PS,False,True,4
420,IPC-Fraud,2025-07-30T11:01:00,12.924231,77.622303,"Sector 2, Zone 7","Base dataset FIR #122: IPC-Fraud recorded near patrol zone served by Adyar PS. Generated for analytics, upload, and demo seeding.",Adyar PS,False,False,3
MV-184,Accident-RashDriving,2026-02-06T23:34:00,17.432086,78.436517,"Sector 25, Zone 8","Base dataset FIR #123: Accident-RashDriving recorded near patrol zone served by Velachery PS. Generated for analytics, upload, and demo seeding.",Velachery PS,True,False,3
307,IPC-AttemptToMurder,2026-03-27T13:59:00,13.045744,77.609884,"Sector 32, Zone 12","Base dataset FIR #124: IPC-AttemptToMurder recorded near patrol zone served by T. Nagar PS. Generated for analytics, upload, and demo seeding.",T. Nagar PS,False,False,4
323,IPC-Assault,2025-07-03T02:35:00,13.051675,80.230424,"Sector 34, Zone 6","Base dataset FIR #125: IPC-Assault recorded near patrol zone served by Adyar PS. Generated for analytics, upload, and demo seeding.",Adyar PS,False,False,2
379,IPC-Theft,2026-01-09T06:53:00,17.397597,78.48432,"Sector 47, Zone 5","Base dataset FIR #126: IPC-Theft recorded near patrol zone served by Anna Nagar PS. Generated for analytics, upload, and demo seeding.",Anna Nagar PS,False,False,2
379,IPC-Theft,2025-05-02T05:13:00,17.436308,78.440863,"Sector 18, Zone 2","Base dataset FIR #127: IPC-Theft recorded near patrol zone served by Anna Nagar PS. Generated for analytics, upload, and demo seeding.",Anna Nagar PS,False,False,2
323,IPC-Assault,2025-09-30T08:57:00,13.04216,80.252934,"Sector 20, Zone 7","Base dataset FIR #128: IPC-Assault recorded near patrol zone served by Adyar PS. Generated for analytics, upload, and demo seeding.",Adyar PS,False,True,2
NDPS-21,NDPS-DrugPossession,2025-06-02T12:26:00,13.048445,80.234975,"Sector 15, Zone 5","Base dataset FIR #129: NDPS-DrugPossession recorded near patrol zone served by Adyar PS. Generated for analytics, upload, and demo seeding.",Adyar PS,False,False,4
NDPS-27,NDPS-DrugConsumption,2025-07-09T01:52:00,13.079161,80.333514,"Sector 32, Zone 12","Base dataset FIR #130: NDPS-DrugConsumption recorded near patrol zone served by Velachery PS. Generated for analytics, upload, and demo seeding.",Velachery PS,False,False,3
379,IPC-Theft,2025-04-25T22:35:00,13.064098,80.246388,"Sector 22, Zone 3","Base dataset FIR #131: IPC-Theft recorded near patrol zone served by Mylapore PS. Generated for analytics, upload, and demo seeding.",Mylapore PS,False,False,2
307,IPC-AttemptToMurder,2026-01-05T23:46:00,17.442983,78.435091,"Sector 44, Zone 10","Base dataset FIR #132: IPC-AttemptToMurder recorded near patrol zone served by T. Nagar PS. Generated for analytics, upload, and demo seeding.",T. Nagar PS,False,False,4
379,IPC-Theft,2025-05-15T15:40:00,17.431471,78.494371,"Sector 6, Zone 7","Base dataset FIR #133: IPC-Theft recorded near patrol zone served by T. Nagar PS. Generated for analytics, upload, and demo seeding.",T. Nagar PS,False,False,2
379,IPC-Theft,2025-12-26T09:14:00,12.940642,77.544421,"Sector 3, Zone 3","Base dataset FIR #134: IPC-Theft recorded near patrol zone served by T. Nagar PS. Generated for analytics, upload, and demo seeding.",T. Nagar PS,False,False,2
379,IPC-Theft,2026-02-25T20:02:00,17.388831,78.487231,"Sector 6, Zone 10","Base dataset FIR #135: IPC-Theft recorded near patrol zone served by T. Nagar PS. Generated for analytics, upload, and demo seeding.",T. Nagar PS,False,False,2
323,IPC-Assault,2025-07-09T12:28:00,12.947899,77.609907,"Sector 27, Zone 3","Base dataset FIR #136: IPC-Assault recorded near patrol zone served by Adyar PS. Generated for analytics, upload, and demo seeding.",Adyar PS,False,False,2
420,IPC-Fraud,2025-10-03T16:44:00,13.058999,80.225227,"Sector 2, Zone 2","Base dataset FIR #137: IPC-Fraud recorded near patrol zone served by Mylapore PS. Generated for analytics, upload, and demo seeding.",Mylapore PS,False,False,3
420,IPC-Fraud,2025-06-28T09:51:00,17.377617,78.532166,"Sector 45, Zone 11","Base dataset FIR #138: IPC-Fraud recorded near patrol zone served by Velachery PS. Generated for analytics, upload, and demo seeding.",Velachery PS,False,False,3
420,IPC-Fraud,2026-02-21T21:02:00,12.924486,77.623616,"Sector 26, Zone 1","Base dataset FIR #139: IPC-Fraud recorded near patrol zone served by Tambaram PS. Generated for analytics, upload, and demo seeding.",Tambaram PS,False,False,3
MV-184,Accident-RashDriving,2025-10-15T15:43:00,17.442461,78.5027,"Sector 46, Zone 7","Base dataset FIR #140: Accident-RashDriving recorded near patrol zone served by Anna Nagar PS. Generated for analytics, upload, and demo seeding.",Anna Nagar PS,True,False,3
MV-184,Accident-RashDriving,2026-03-28T00:24:00,12.926581,77.627079,"Sector 19, Zone 8","Base dataset FIR #141: Accident-RashDriving recorded near patrol zone served by T. Nagar PS. Generated for analytics, upload, and demo seeding.",T. Nagar PS,True,False,3
NDPS-21,NDPS-DrugPossession,2026-02-01T10:05:00,12.948035,77.641021,"Sector 14, Zone 12","Base dataset FIR #142: NDPS-DrugPossession recorded near patrol zone served by T. Nagar PS. Generated for analytics, upload, and demo seeding.",T. Nagar PS,False,False,4
379,IPC-Theft,2025-08-08T01:34:00,17.372219,78.516167,"Sector 5, Zone 4","Base dataset FIR #143: IPC-Theft recorded near patrol zone served by T. Nagar PS. Generated for analytics, upload, and demo seeding.",T. Nagar PS,False,False,2
MV-184,Accident-RashDriving,2025-11-13T07:53:00,12.934488,77.638834,"Sector 22, Zone 7","Base dataset FIR #144: Accident-RashDriving recorded near patrol zone served by Anna Nagar PS. Generated for analytics, upload, and demo seeding.",Anna Nagar PS,True,False,3
MV-184,Accident-RashDriving,2025-06-24T02:54:00,13.045339,80.260266,"Sector 11, Zone 2","Base dataset FIR #145: Accident-RashDriving recorded near patrol zone served by T. Nagar PS. Generated for analytics, upload, and demo seeding.",T. Nagar PS,True,False,3
420,IPC-Fraud,2026-03-10T01:25:00,13.040936,80.230255,"Sector 34, Zone 9","Base dataset FIR #146: IPC-Fraud recorded near patrol zone served by Tambaram PS. Generated for analytics, upload, and demo seeding.",Tambaram PS,False,False,3
323,IPC-Assault,2025-10-09T18:17:00,13.063105,80.322634,"Sector 30, Zone 5","Base dataset FIR #147: IPC-Assault recorded near patrol zone served by Adyar PS. Generated for analytics, upload, and demo seeding.",Adyar PS,False,False,2
420,IPC-Fraud,2025-04-28T17:20:00,17.421283,78.433362,"Sector 47, Zone 4","Base dataset FIR #148: IPC-Fraud recorded near patrol zone served by Tambaram PS. Generated for analytics, upload, and demo seeding.",Tambaram PS,False,False,3
420,IPC-Fraud,2026-03-01T02:51:00,17.452434,78.457128,"Sector 10, Zone 11","Base dataset FIR #149: IPC-Fraud recorded near patrol zone served by Mylapore PS. Generated for analytics, upload, and demo seeding.",Mylapore PS,False,False,3
302,IPC-Murder,2026-02-05T20:40:00,13.066964,80.254614,"Sector 14, Zone 1","Base dataset FIR #150: IPC-Murder recorded near patrol zone served by T. Nagar PS. Generated for analytics, upload, and demo seeding.",T. Nagar PS,False,False,5
379,IPC-Theft,2025-04-21T17:31:00,13.015935,80.226483,"Sector 32, Zone 6","Base dataset FIR #151: IPC-Theft recorded near patrol zone served by Anna Nagar PS. Generated for analytics, upload, and demo seeding.",Anna Nagar PS,False,False,2
323,IPC-Assault,2026-01-12T08:27:00,17.329461,78.464107,"Sector 24, Zone 5","Base dataset FIR #152: IPC-Assault recorded near patrol zone served by Mylapore PS. Generated for analytics, upload, and demo seeding.",Mylapore PS,False,False,2
302,IPC-Murder,2025-12-24T05:26:00,12.949346,77.632275,"Sector 22, Zone 4","Base dataset FIR #153: IPC-Murder recorded near patrol zone served by Mylapore PS. Generated for analytics, upload, and demo seeding.",Mylapore PS,False,False,5
420,IPC-Fraud,2026-02-18T19:53:00,12.93212,77.611038,"Sector 39, Zone 3","Base dataset FIR #154: IPC-Fraud recorded near patrol zone served by Tambaram PS. Generated for analytics, upload, and demo seeding.",Tambaram PS,False,False,3
420,IPC-Fraud,2025-09-26T22:03:00,13.038456,77.600456,"Sector 13, Zone 7","Base dataset FIR #155: IPC-Fraud recorded near patrol zone served by Anna Nagar PS. Generated for analytics, upload, and demo seeding.",Anna Nagar PS,False,False,3
NDPS-21,NDPS-DrugPossession,2026-03-02T07:38:00,12.946545,77.634092,"Sector 34, Zone 10","Base dataset FIR #156: NDPS-DrugPossession recorded near patrol zone served by Adyar PS. Generated for analytics, upload, and demo seeding.",Adyar PS,False,False,4
ARMS-25,ArmsAct-IllegalWeapon,2026-01-15T20:24:00,17.434994,78.441735,"Sector 5, Zone 5","Base dataset FIR #157: ArmsAct-IllegalWeapon recorded near patrol zone served by Tambaram PS. Generated for analytics, upload, and demo seeding.",Tambaram PS,False,False,4
323,IPC-Assault,2025-12-26T21:38:00,12.918874,77.614297,"Sector 38, Zone 11","Base dataset FIR #158: IPC-Assault recorded near patrol zone served by Mylapore PS. Generated for analytics, upload, and demo seeding.",Mylapore PS,False,False,2
323,IPC-Assault,2025-09-04T04:43:00,12.973262,77.626469,"Sector 3, Zone 7","Base dataset FIR #159: IPC-Assault recorded near patrol zone served by Tambaram PS. Generated for analytics, upload, and demo seeding.",Tambaram PS,False,False,2
420,IPC-Fraud,2026-03-10T20:54:00,17.440093,78.432405,"Sector 36, Zone 6","Base dataset FIR #160: IPC-Fraud recorded near patrol zone served by Tambaram PS. Generated for analytics, upload, and demo seeding.",Tambaram PS,False,False,3
420,IPC-Fraud,2025-10-16T19:14:00,12.937902,77.635966,"Sector 7, Zone 12","Base dataset FIR #161: IPC-Fraud recorded near patrol zone served by Anna Nagar PS. Generated for analytics, upload, and demo seeding.",Anna Nagar PS,False,False,3
ARMS-25,ArmsAct-IllegalWeapon,2025-11-22T01:05:00,13.053343,80.245944,"Sector 37, Zone 6","Base dataset FIR #162: ArmsAct-IllegalWeapon recorded near patrol zone served by T. Nagar PS. Generated for analytics, upload, and demo seeding.",T. Nagar PS,False,False,4
ARMS-25,ArmsAct-IllegalWeapon,2025-10-26T08:14:00,17.429542,78.461055,"Sector 28, Zone 2","Base dataset FIR #163: ArmsAct-IllegalWeapon recorded near patrol zone served by Tambaram PS. Generated for analytics, upload, and demo seeding.",Tambaram PS,False,False,4
420,IPC-Fraud,2025-06-21T17:29:00,17.428349,78.457092,"Sector 33, Zone 3","Base dataset FIR #164: IPC-Fraud recorded near patrol zone served by Velachery PS. Generated for analytics, upload, and demo seeding.",Velachery PS,False,True,3
420,IPC-Fraud,2025-07-23T01:53:00,13.138836,80.251474,"Sector 35, Zone 1","Base dataset FIR #165: IPC-Fraud recorded near patrol zone served by Velachery PS. Generated for analytics, upload, and demo seeding.",Velachery PS,False,False,3
420,IPC-Fraud,2025-08-18T03:44:00,13.042817,80.250384,"Sector 28, Zone 5","Base dataset FIR #166: IPC-Fraud recorded near patrol zone served by Tambaram PS. Generated for analytics, upload, and demo seeding.",Tambaram PS,False,False,3
MV-184,Accident-RashDriving,2025-11-26T22:57:00,13.056828,80.253433,"Sector 39, Zone 1","Base dataset FIR #167: Accident-RashDriving recorded near patrol zone served by Tambaram PS. Generated for analytics, upload, and demo seeding.",Tambaram PS,True,False,3
420,IPC-Fraud,2025-04-11T15:33:00,17.344718,78.432193,"Sector 15, Zone 11","Base dataset FIR #168: IPC-Fraud recorded near patrol zone served by Adyar PS. Generated for analytics, upload, and demo seeding.",Adyar PS,False,False,3
379,IPC-Theft,2026-01-10T00:53:00,17.329812,78.520419,"Sector 38, Zone 7","Base dataset FIR #169: IPC-Theft recorded near patrol zone served by Adyar PS. Generated for analytics, upload, and demo seeding.",Adyar PS,False,False,2
NDPS-21,NDPS-DrugPossession,2025-09-26T17:13:00,12.90422,77.633109,"Sector 45, Zone 2","Base dataset FIR #170: NDPS-DrugPossession recorded near patrol zone served by T. Nagar PS. Generated for analytics, upload, and demo seeding.",T. Nagar PS,False,False,4
323,IPC-Assault,2026-01-17T22:17:00,13.042022,80.257854,"Sector 4, Zone 3","Base dataset FIR #171: IPC-Assault recorded near patrol zone served by Adyar PS. Generated for analytics, upload, and demo seeding.",Adyar PS,False,False,2
379,IPC-Theft,2026-03-08T23:29:00,17.437871,78.43311,"Sector 40, Zone 12","Base dataset FIR #172: IPC-Theft recorded near patrol zone served by Mylapore PS. Generated for analytics, upload, and demo seeding.",Mylapore PS,False,False,2
MV-184,Accident-RashDriving,2025-12-06T21:43:00,13.053596,80.233468,"Sector 42, Zone 12","Base dataset FIR #173: Accident-RashDriving recorded near patrol zone served by T. Nagar PS. Generated for analytics, upload, and demo seeding.",T. Nagar PS,True,False,3
420,IPC-Fraud,2026-01-05T09:28:00,12.928127,77.629875,"Sector 35, Zone 6","Base dataset FIR #174: IPC-Fraud recorded near patrol zone served by Tambaram PS. Generated for analytics, upload, and demo seeding.",Tambaram PS,False,False,3
420,IPC-Fraud,2026-03-02T04:27:00,12.899637,77.580803,"Sector 21, Zone 7","Base dataset FIR #175: IPC-Fraud recorded near patrol zone served by Adyar PS. Generated for analytics, upload, and demo seeding.",Adyar PS,False,False,3
379,IPC-Theft,2025-04-29T19:24:00,17.458477,78.518694,"Sector 2, Zone 1","Base dataset FIR #176: IPC-Theft recorded near patrol zone served by Velachery PS. Generated for analytics, upload, and demo seeding.",Velachery PS,False,False,2
323,IPC-Assault,2025-07-02T20:58:00,13.005591,77.591767,"Sector 18, Zone 4","Base dataset FIR #177: IPC-Assault recorded near patrol zone served by T. Nagar PS. Generated for analytics, upload, and demo seeding.",T. Nagar PS,False,False,2
379,IPC-Theft,2025-11-23T07:45:00,17.442848,78.458315,"Sector 33, Zone 11","Base dataset FIR #178: IPC-Theft recorded near patrol zone served by T. Nagar PS. Generated for analytics, upload, and demo seeding.",T. Nagar PS,False,False,2
NDPS-21,NDPS-DrugPossession,2026-01-06T23:34:00,13.049648,80.226688,"Sector 7, Zone 5","Base dataset FIR #179: NDPS-DrugPossession recorded near patrol zone served by Velachery PS. Generated for analytics, upload, and demo seeding.",Velachery PS,False,False,4
ARMS-25,ArmsAct-IllegalWeapon,2026-01-12T10:59:00,17.432177,78.442436,"Sector 32, Zone 5","Base dataset FIR #180: ArmsAct-IllegalWeapon recorded near patrol zone served by Anna Nagar PS. Generated for analytics, upload, and demo seeding.",Anna Nagar PS,False,False,4
ARMS-25,ArmsAct-IllegalWeapon,2026-01-18T20:49:00,17.451359,78.457958,"Sector 10, Zone 10","Base dataset FIR #181: ArmsAct-IllegalWeapon recorded near patrol zone served by Tambaram PS. Generated for analytics, upload, and demo seeding.",Tambaram PS,False,False,4
376,IPC-SexualOffence,2026-01-18T06:28:00,12.94924,77.632433,"Sector 46, Zone 4","Base dataset FIR #182: IPC-SexualOffence recorded near patrol zone served by Adyar PS. Generated for analytics, upload, and demo seeding.",Adyar PS,False,True,5
323,IPC-Assault,2026-01-30T16:39:00,12.990964,77.541015,"Sector 30, Zone 5","Base dataset FIR #183: IPC-Assault recorded near patrol zone served by Tambaram PS. Generated for analytics, upload, and demo seeding.",Tambaram PS,False,False,2
379,IPC-Theft,2026-01-10T19:47:00,12.918645,77.629457,"Sector 36, Zone 2","Base dataset FIR #184: IPC-Theft recorded near patrol zone served by Anna Nagar PS. Generated for analytics, upload, and demo seeding.",Anna Nagar PS,False,False,2
ARMS-25,ArmsAct-IllegalWeapon,2025-07-28T08:47:00,13.01258,80.324571,"Sector 2, Zone 3","Base dataset FIR #185: ArmsAct-IllegalWeapon recorded near patrol zone served by T. Nagar PS. Generated for analytics, upload, and demo seeding.",T. Nagar PS,False,False,4
379,IPC-Theft,2025-11-26T05:33:00,17.424597,78.430674,"Sector 23, Zone 8","Base dataset FIR #186: IPC-Theft recorded near patrol zone served by Velachery PS. Generated for analytics, upload, and demo seeding.",Velachery PS,False,False,2
379,IPC-Theft,2025-12-04T10:05:00,17.45023,78.443433,"Sector 3, Zone 4","Base dataset FIR #187: IPC-Theft recorded near patrol zone served by Anna Nagar PS. Generated for analytics, upload, and demo seeding.",Anna Nagar PS,False,False,2
323,IPC-Assault,2026-01-20T16:05:00,17.443013,78.433451,"Sector 49, Zone 10","Base dataset FIR #188: IPC-Assault recorded near patrol zone served by Mylapore PS. Generated for analytics, upload, and demo seeding.",Mylapore PS,False,False,2
420,IPC-Fraud,2025-05-21T08:44:00,17.42098,78.436538,"Sector 41, Zone 2","Base dataset FIR #189: IPC-Fraud recorded near patrol zone served by Anna Nagar PS. Generated for analytics, upload, and demo seeding.",Anna Nagar PS,False,False,3
MV-184,Accident-RashDriving,2026-03-28T04:04:00,12.985923,77.546567,"Sector 33, Zone 9","Base dataset FIR #190: Accident-RashDriving recorded near patrol zone served by Velachery PS. Generated for analytics, upload, and demo seeding.",Velachery PS,True,False,3
379,IPC-Theft,2025-11-16T09:45:00,13.067392,80.241292,"Sector 7, Zone 5","Base dataset FIR #191: IPC-Theft recorded near patrol zone served by Anna Nagar PS. Generated for analytics, upload, and demo seeding.",Anna Nagar PS,False,False,2
323,IPC-Assault,2026-02-02T13:10:00,13.050221,80.226085,"Sector 1, Zone 1","Base dataset FIR #192: IPC-Assault recorded near patrol zone served by Tambaram PS. Generated for analytics, upload, and demo seeding.",Tambaram PS,False,False,2
NDPS-21,NDPS-DrugPossession,2025-10-22T00:20:00,13.011958,77.582959,"Sector 20, Zone 5","Base dataset FIR #193: NDPS-DrugPossession recorded near patrol zone served by Mylapore PS. Generated for analytics, upload, and demo seeding.",Mylapore PS,False,False,4
MV-184,Accident-RashDriving,2025-05-13T15:25:00,13.045443,80.257364,"Sector 21, Zone 10","Base dataset FIR #194: Accident-RashDriving recorded near patrol zone served by Adyar PS. Generated for analytics, upload, and demo seeding.",Adyar PS,True,False,3
379,IPC-Theft,2025-12-04T00:22:00,13.061301,80.339956,"Sector 47, Zone 4","Base dataset FIR #195: IPC-Theft recorded near patrol zone served by Adyar PS. Generated for analytics, upload, and demo seeding.",Adyar PS,False,False,2
379,IPC-Theft,2026-01-11T14:48:00,13.046108,80.234718,"Sector 9, Zone 3","Base dataset FIR #196: IPC-Theft recorded near patrol zone served by Tambaram PS. Generated for analytics, upload, and demo seeding.",Tambaram PS,False,False,2
NDPS-27,NDPS-DrugConsumption,2025-06-22T21:37:00,13.137707,80.343444,"Sector 46, Zone 6","Base dataset FIR #197: NDPS-DrugConsumption recorded near patrol zone served by Mylapore PS. Generated for analytics, upload, and demo seeding.",Mylapore PS,False,False,3
379,IPC-Theft,2025-06-05T06:08:00,13.153082,80.249915,"Sector 24, Zone 1","Base dataset FIR #198: IPC-Theft recorded near patrol zone served by T. Nagar PS. Generated for analytics, upload, and demo seeding.",T. Nagar PS,False,False,2
376,IPC-SexualOffence,2026-01-16T23:51:00,12.951295,77.634433,"Sector 30, Zone 5","Base dataset FIR #199: IPC-SexualOffence recorded near patrol zone served by Tambaram PS. Generated for analytics, upload, and demo seeding.",Tambaram PS,False,True,5
379,IPC-Theft,2025-06-12T04:50:00,17.317666,78.439853,"Sector 27, Zone 1","Base dataset FIR #200: IPC-Theft recorded near patrol zone served by Anna Nagar PS. Generated for analytics, upload, and demo seeding.",Anna Nagar PS,False,False,2
NDPS-21,NDPS-DrugPossession,2025-06-02T07:34:00,13.049306,80.248426,"Sector 45, Zone 2","Base dataset FIR #201: NDPS-DrugPossession recorded near patrol zone served by T. Nagar PS. Generated for analytics, upload, and demo seeding.",T. Nagar PS,False,False,4
NDPS-21,NDPS-DrugPossession,2025-05-17T06:34:00,12.988247,77.604543,"Sector 33, Zone 12","Base dataset FIR #202: NDPS-DrugPossession recorded near patrol zone served by Adyar PS. Generated for analytics, upload, and demo seeding.",Adyar PS,False,False,4
420,IPC-Fraud,2026-03-25T07:58:00,13.066588,80.243454,"Sector 47, Zone 11","Base dataset FIR #203: IPC-Fraud recorded near patrol zone served by Mylapore PS. Generated for analytics, upload, and demo seeding.",Mylapore PS,False,False,3
MV-184,Accident-RashDriving,2026-01-05T17:54:00,17.429625,78.487731,"Sector 11, Zone 1","Base dataset FIR #204: Accident-RashDriving recorded near patrol zone served by Tambaram PS. Generated for analytics, upload, and demo seeding.",Tambaram PS,True,False,3
MV-184,Accident-RashDriving,2026-02-25T08:29:00,17.420613,78.415666,"Sector 49, Zone 7","Base dataset FIR #205: Accident-RashDriving recorded near patrol zone served by Anna Nagar PS. Generated for analytics, upload, and demo seeding.",Anna Nagar PS,True,False,3
379,IPC-Theft,2026-02-12T03:41:00,17.389323,78.464615,"Sector 21, Zone 4","Base dataset FIR #206: IPC-Theft recorded near patrol zone served by Velachery PS. Generated for analytics, upload, and demo seeding.",Velachery PS,False,False,2
NDPS-21,NDPS-DrugPossession,2025-05-18T14:46:00,12.991279,77.553987,"Sector 31, Zone 7","Base dataset FIR #207: NDPS-DrugPossession recorded near patrol zone served by Mylapore PS. Generated for analytics, upload, and demo seeding.",Mylapore PS,False,False,4
420,IPC-Fraud,2025-05-24T22:01:00,13.130732,80.216439,"Sector 20, Zone 1","Base dataset FIR #208: IPC-Fraud recorded near patrol zone served by Tambaram PS. Generated for analytics, upload, and demo seeding.",Tambaram PS,False,False,3
MV-184,Accident-RashDriving,2026-01-07T17:09:00,12.928235,77.613494,"Sector 50, Zone 4","Base dataset FIR #209: Accident-RashDriving recorded near patrol zone served by Anna Nagar PS. Generated for analytics, upload, and demo seeding.",Anna Nagar PS,True,False,3
ARMS-25,ArmsAct-IllegalWeapon,2026-03-14T19:24:00,17.446985,78.455178,"Sector 42, Zone 3","Base dataset FIR #210: ArmsAct-IllegalWeapon recorded near patrol zone served by Velachery PS. Generated for analytics, upload, and demo seeding.",Velachery PS,False,False,4
NDPS-27,NDPS-DrugConsumption,2025-06-23T02:52:00,12.946789,77.620715,"Sector 27, Zone 5","Base dataset FIR #211: NDPS-DrugConsumption recorded near patrol zone served by T. Nagar PS. Generated for analytics, upload, and demo seeding.",T. Nagar PS,False,False,3
323,IPC-Assault,2025-12-10T22:49:00,13.060006,80.231845,"Sector 4, Zone 8","Base dataset FIR #212: IPC-Assault recorded near patrol zone served by Adyar PS. Generated for analytics, upload, and demo seeding.",Adyar PS,False,True,2
NDPS-27,NDPS-DrugConsumption,2026-01-02T01:19:00,12.920073,77.623375,"Sector 16, Zone 8","Base dataset FIR #213: NDPS-DrugConsumption recorded near patrol zone served by Adyar PS. Generated for analytics, upload, and demo seeding.",Adyar PS,False,True,3
MV-184,Accident-RashDriving,2025-04-13T17:55:00,17.429405,78.451066,"Sector 23, Zone 6","Base dataset FIR #214: Accident-RashDriving recorded near patrol zone served by Tambaram PS. Generated for analytics, upload, and demo seeding.",Tambaram PS,True,False,3
379,IPC-Theft,2025-05-27T08:41:00,17.430509,78.50966,"Sector 40, Zone 1","Base dataset FIR #215: IPC-Theft recorded near patrol zone served by T. Nagar PS. Generated for analytics, upload, and demo seeding.",T. Nagar PS,False,False,2
323,IPC-Assault,2025-07-04T22:20:00,17.4365,78.445346,"Sector 2, Zone 5","Base dataset FIR #216: IPC-Assault recorded near patrol zone served by Tambaram PS. Generated for analytics, upload, and demo seeding.",Tambaram PS,False,False,2
ARMS-25,ArmsAct-IllegalWeapon,2026-01-17T15:46:00,17.442536,78.435513,"Sector 41, Zone 1","Base dataset FIR #217: ArmsAct-IllegalWeapon recorded near patrol zone served by Adyar PS. Generated for analytics, upload, and demo seeding.",Adyar PS,False,False,4
420,IPC-Fraud,2025-12-24T00:07:00,13.053687,80.259286,"Sector 32, Zone 2","Base dataset FIR #218: IPC-Fraud recorded near patrol zone served by Tambaram PS. Generated for analytics, upload, and demo seeding.",Tambaram PS,False,False,3
NDPS-27,NDPS-DrugConsumption,2026-03-17T08:25:00,12.949096,77.623516,"Sector 33, Zone 9","Base dataset FIR #219: NDPS-DrugConsumption recorded near patrol zone served by Tambaram PS. Generated for analytics, upload, and demo seeding.",Tambaram PS,False,False,3
420,IPC-Fraud,2025-06-01T06:43:00,13.055214,80.229794,"Sector 20, Zone 2","Base dataset FIR #220: IPC-Fraud recorded near patrol zone served by Velachery PS. Generated for analytics, upload, and demo seeding.",Velachery PS,False,False,3
MV-184,Accident-RashDriving,2025-07-14T10:05:00,12.937669,77.640659,"Sector 14, Zone 11","Base dataset FIR #221: Accident-RashDriving recorded near patrol zone served by Anna Nagar PS. Generated for analytics, upload, and demo seeding.",Anna Nagar PS,True,False,3
ARMS-25,ArmsAct-IllegalWeapon,2025-06-15T16:27:00,17.444313,78.464202,"Sector 26, Zone 8","Base dataset FIR #222: ArmsAct-IllegalWeapon recorded near patrol zone served by Anna Nagar PS. Generated for analytics, upload, and demo seeding.",Anna Nagar PS,False,False,4
NDPS-27,NDPS-DrugConsumption,2026-03-27T06:59:00,13.072817,80.251576,"Sector 47, Zone 9","Base dataset FIR #223: NDPS-DrugConsumption recorded near patrol zone served by Velachery PS. Generated for analytics, upload, and demo seeding.",Velachery PS,False,False,3
323,IPC-Assault,2025-06-15T07:13:00,13.049946,80.245325,"Sector 50, Zone 6","Base dataset FIR #224: IPC-Assault recorded near patrol zone served by Adyar PS. Generated for analytics, upload, and demo seeding.",Adyar PS,False,False,2
323,IPC-Assault,2026-01-16T22:52:00,13.021372,77.549706,"Sector 2, Zone 3","Base dataset FIR #225: IPC-Assault recorded near patrol zone served by Tambaram PS. Generated for analytics, upload, and demo seeding.",Tambaram PS,False,False,2
NDPS-27,NDPS-DrugConsumption,2025-04-08T11:25:00,17.453427,78.459498,"Sector 50, Zone 11","Base dataset FIR #226: NDPS-DrugConsumption recorded near patrol zone served by Anna Nagar PS. Generated for analytics, upload, and demo seeding.",Anna Nagar PS,False,False,3
420,IPC-Fraud,2025-05-15T11:20:00,12.93795,77.632638,"Sector 13, Zone 2","Base dataset FIR #227: IPC-Fraud recorded near patrol zone served by Anna Nagar PS. Generated for analytics, upload, and demo seeding.",Anna Nagar PS,False,False,3
ARMS-25,ArmsAct-IllegalWeapon,2025-10-04T16:23:00,12.920007,77.565628,"Sector 41, Zone 6","Base dataset FIR #228: ArmsAct-IllegalWeapon recorded near patrol zone served by Velachery PS. Generated for analytics, upload, and demo seeding.",Velachery PS,False,False,4
MV-184,Accident-RashDriving,2026-02-04T12:37:00,12.937268,77.618062,"Sector 18, Zone 8","Base dataset FIR #229: Accident-RashDriving recorded near patrol zone served by Tambaram PS. Generated for analytics, upload, and demo seeding.",Tambaram PS,True,False,3
379,IPC-Theft,2025-12-22T21:25:00,17.427896,78.460389,"Sector 49, Zone 8","Base dataset FIR #230: IPC-Theft recorded near patrol zone served by Adyar PS. Generated for analytics, upload, and demo seeding.",Adyar PS,False,False,2
323,IPC-Assault,2025-08-22T02:16:00,12.943757,77.630797,"Sector 7, Zone 3","Base dataset FIR #231: IPC-Assault recorded near patrol zone served by T. Nagar PS. Generated for analytics, upload, and demo seeding.",T. Nagar PS,False,False,2
379,IPC-Theft,2025-07-13T23:07:00,12.918839,77.632031,"Sector 21, Zone 12","Base dataset FIR #232: IPC-Theft recorded near patrol zone served by Mylapore PS. Generated for analytics, upload, and demo seeding.",Mylapore PS,False,False,2
420,IPC-Fraud,2025-04-11T05:13:00,17.448738,78.442629,"Sector 24, Zone 5","Base dataset FIR #233: IPC-Fraud recorded near patrol zone served by Velachery PS. Generated for analytics, upload, and demo seeding.",Velachery PS,False,False,3
MV-184,Accident-RashDriving,2025-12-28T11:37:00,17.427437,78.513455,"Sector 5, Zone 6","Base dataset FIR #234: Accident-RashDriving recorded near patrol zone served by Adyar PS. Generated for analytics, upload, and demo seeding.",Adyar PS,True,False,3
307,IPC-AttemptToMurder,2025-05-18T05:15:00,12.940708,77.608048,"Sector 46, Zone 2","Base dataset FIR #235: IPC-AttemptToMurder recorded near patrol zone served by Mylapore PS. Generated for analytics, upload, and demo seeding.",Mylapore PS,False,False,4
NDPS-27,NDPS-DrugConsumption,2025-06-08T10:52:00,17.430683,78.454303,"Sector 37, Zone 1","Base dataset FIR #236: NDPS-DrugConsumption recorded near patrol zone served by Anna Nagar PS. Generated for analytics, upload, and demo seeding.",Anna Nagar PS,False,False,3
NDPS-27,NDPS-DrugConsumption,2025-10-10T12:06:00,12.932425,77.623598,"Sector 42, Zone 1","Base dataset FIR #237: NDPS-DrugConsumption recorded near patrol zone served by Tambaram PS. Generated for analytics, upload, and demo seeding.",Tambaram PS,False,False,3
ARMS-25,ArmsAct-IllegalWeapon,2026-03-02T19:58:00,13.074137,80.216257,"Sector 36, Zone 8","Base dataset FIR #238: ArmsAct-IllegalWeapon recorded near patrol zone served by T. Nagar PS. Generated for analytics, upload, and demo seeding.",T. Nagar PS,False,False,4
379,IPC-Theft,2025-04-06T08:45:00,13.073891,80.297528,"Sector 11, Zone 2","Base dataset FIR #239: IPC-Theft recorded near patrol zone served by Velachery PS. Generated for analytics, upload, and demo seeding.",Velachery PS,False,False,2
MV-184,Accident-RashDriving,2025-08-11T16:42:00,13.13165,80.20309,"Sector 30, Zone 12","Base dataset FIR #240: Accident-RashDriving recorded near patrol zone served by Adyar PS. Generated for analytics, upload, and demo seeding.",Adyar PS,True,False,3
ARMS-25,ArmsAct-IllegalWeapon,2025-05-05T18:31:00,13.056275,80.238641,"Sector 1, Zone 5","Base dataset FIR #241: ArmsAct-IllegalWeapon recorded near patrol zone served by Tambaram PS. Generated for analytics, upload, and demo seeding.",Tambaram PS,False,False,4
302,IPC-Murder,2025-08-08T17:22:00,12.927191,77.611907,"Sector 37, Zone 9","Base dataset FIR #242: IPC-Murder recorded near patrol zone served by Velachery PS. Generated for analytics, upload, and demo seeding.",Velachery PS,False,False,5
376,IPC-SexualOffence,2025-05-24T20:41:00,13.072124,80.226654,"Sector 19, Zone 8","Base dataset FIR #243: IPC-SexualOffence recorded near patrol zone served by T. Nagar PS. Generated for analytics, upload, and demo seeding.",T. Nagar PS,False,True,5
NDPS-27,NDPS-DrugConsumption,2025-10-01T07:13:00,13.028801,80.261273,"Sector 45, Zone 11","Base dataset FIR #244: NDPS-DrugConsumption recorded near patrol zone served by T. Nagar PS. Generated for analytics, upload, and demo seeding.",T. Nagar PS,False,False,3
NDPS-27,NDPS-DrugConsumption,2025-09-25T18:45:00,17.422592,78.48671,"Sector 24, Zone 7","Base dataset FIR #245: NDPS-DrugConsumption recorded near patrol zone served by Mylapore PS. Generated for analytics, upload, and demo seeding.",Mylapore PS,False,False,3
376,IPC-SexualOffence,2026-04-04T11:37:00,17.313154,78.485342,"Sector 45, Zone 10","Base dataset FIR #246: IPC-SexualOffence recorded near patrol zone served by Anna Nagar PS. Generated for analytics, upload, and demo seeding.",Anna Nagar PS,False,True,5
376,IPC-SexualOffence,2025-11-28T11:34:00,13.074718,80.258388,"Sector 48, Zone 4","Base dataset FIR #247: IPC-SexualOffence recorded near patrol zone served by Tambaram PS. Generated for analytics, upload, and demo seeding.",Tambaram PS,False,True,5
ARMS-25,ArmsAct-IllegalWeapon,2026-03-29T04:43:00,12.929564,77.60989,"Sector 19, Zone 1","Base dataset FIR #248: ArmsAct-IllegalWeapon recorded near patrol zone served by Velachery PS. Generated for analytics, upload, and demo seeding.",Velachery PS,False,False,4
376,IPC-SexualOffence,2025-08-26T02:35:00,13.045037,80.250097,"Sector 50, Zone 12","Base dataset FIR #249: IPC-SexualOffence recorded near patrol zone served by Tambaram PS. Generated for analytics, upload, and demo seeding.",Tambaram PS,False,True,5
MV-184,Accident-RashDriving,2025-06-19T09:46:00,13.049811,80.290808,"Sector 14, Zone 2","Base dataset FIR #250: Accident-RashDriving recorded near patrol zone served by T. Nagar PS. Generated for analytics, upload, and demo seeding.",T. Nagar PS,True,False,3
MV-184,Accident-RashDriving,2026-03-22T10:10:00,13.054379,80.230197,"Sector 20, Zone 10","Base dataset FIR #251: Accident-RashDriving recorded near patrol zone served by T. Nagar PS. Generated for analytics, upload, and demo seeding.",T. Nagar PS,True,False,3
MV-184,Accident-RashDriving,2025-12-13T00:51:00,17.328111,78.537452,"Sector 50, Zone 6","Base dataset FIR #252: Accident-RashDriving recorded near patrol zone served by Velachery PS. Generated for analytics, upload, and demo seeding.",Velachery PS,True,False,3
307,IPC-AttemptToMurder,2025-12-21T14:35:00,13.045488,80.25339,"Sector 42, Zone 9","Base dataset FIR #253: IPC-AttemptToMurder recorded near patrol zone served by T. Nagar PS. Generated for analytics, upload, and demo seeding.",T. Nagar PS,False,False,4
NDPS-27,NDPS-DrugConsumption,2025-06-03T14:34:00,17.41265,78.450161,"Sector 20, Zone 8","Base dataset FIR #254: NDPS-DrugConsumption recorded near patrol zone served by Velachery PS. Generated for analytics, upload, and demo seeding.",Velachery PS,False,False,3
NDPS-27,NDPS-DrugConsumption,2025-09-15T11:24:00,13.039812,80.260041,"Sector 50, Zone 2","Base dataset FIR #255: NDPS-DrugConsumption recorded near patrol zone served by Mylapore PS. Generated for analytics, upload, and demo seeding.",Mylapore PS,False,False,3
307,IPC-AttemptToMurder,2025-04-18T16:53:00,12.92522,77.638001,"Sector 43, Zone 2","Base dataset FIR #256: IPC-AttemptToMurder recorded near patrol zone served by Velachery PS. Generated for analytics, upload, and demo seeding.",Velachery PS,False,False,4
MV-184,Accident-RashDriving,2025-10-26T16:49:00,13.073128,80.258797,"Sector 3, Zone 12","Base dataset FIR #257: Accident-RashDriving recorded near patrol zone served by T. Nagar PS. Generated for analytics, upload, and demo seeding.",T. Nagar PS,True,False,3
420,IPC-Fraud,2026-03-23T14:09:00,17.413446,78.543918,"Sector 13, Zone 6","Base dataset FIR #258: IPC-Fraud recorded near patrol zone served by Mylapore PS. Generated for analytics, upload, and demo seeding.",Mylapore PS,False,False,3
ARMS-25,ArmsAct-IllegalWeapon,2025-09-25T18:58:00,17.426997,78.437051,"Sector 30, Zone 6","Base dataset FIR #259: ArmsAct-IllegalWeapon recorded near patrol zone served by Velachery PS. Generated for analytics, upload, and demo seeding.",Velachery PS,False,False,4
420,IPC-Fraud,2025-09-28T16:08:00,17.451101,78.444188,"Sector 7, Zone 1","Base dataset FIR #260: IPC-Fraud recorded near patrol zone served by Adyar PS. Generated for analytics, upload, and demo seeding.",Adyar PS,False,False,3
379,IPC-Theft,2026-04-05T15:46:00,12.900753,77.530498,"Sector 4, Zone 6","Base dataset FIR #261: IPC-Theft recorded near patrol zone served by Anna Nagar PS. Generated for analytics, upload, and demo seeding.",Anna Nagar PS,False,False,2
379,IPC-Theft,2025-11-11T07:00:00,12.927216,77.640394,"Sector 11, Zone 4","Base dataset FIR #262: IPC-Theft recorded near patrol zone served by T. Nagar PS. Generated for analytics, upload, and demo seeding.",T. Nagar PS,False,False,2
307,IPC-AttemptToMurder,2026-03-01T20:20:00,12.952673,77.62841,"Sector 14, Zone 2","Base dataset FIR #263: IPC-AttemptToMurder recorded near patrol zone served by Tambaram PS. Generated for analytics, upload, and demo seeding.",Tambaram PS,False,False,4
MV-184,Accident-RashDriving,2025-12-08T01:07:00,13.043717,80.230016,"Sector 50, Zone 8","Base dataset FIR #264: Accident-RashDriving recorded near patrol zone served by Adyar PS. Generated for analytics, upload, and demo seeding.",Adyar PS,True,False,3
MV-184,Accident-RashDriving,2025-12-31T23:35:00,12.938043,77.638858,"Sector 42, Zone 6","Base dataset FIR #265: Accident-RashDriving recorded near patrol zone served by Mylapore PS. Generated for analytics, upload, and demo seeding.",Mylapore PS,True,False,3
379,IPC-Theft,2025-04-11T18:31:00,13.072932,80.230473,"Sector 50, Zone 9","Base dataset FIR #266: IPC-Theft recorded near patrol zone served by Adyar PS. Generated for analytics, upload, and demo seeding.",Adyar PS,False,False,2
MV-184,Accident-RashDriving,2025-12-24T20:56:00,12.956999,77.600221,"Sector 32, Zone 5","Base dataset FIR #267: Accident-RashDriving recorded near patrol zone served by Mylapore PS. Generated for analytics, upload, and demo seeding.",Mylapore PS,True,False,3
379,IPC-Theft,2026-02-12T08:28:00,12.923583,77.617702,"Sector 45, Zone 3","Base dataset FIR #268: IPC-Theft recorded near patrol zone served by Tambaram PS. Generated for analytics, upload, and demo seeding.",Tambaram PS,False,False,2
ARMS-25,ArmsAct-IllegalWeapon,2026-02-17T14:50:00,13.058271,80.239801,"Sector 1, Zone 8","Base dataset FIR #269: ArmsAct-IllegalWeapon recorded near patrol zone served by Mylapore PS. Generated for analytics, upload, and demo seeding.",Mylapore PS,False,False,4
MV-184,Accident-RashDriving,2025-04-23T05:01:00,13.060224,80.251007,"Sector 3, Zone 9","Base dataset FIR #270: Accident-RashDriving recorded near patrol zone served by T. Nagar PS. Generated for analytics, upload, and demo seeding.",T. Nagar PS,True,False,3
ARMS-25,ArmsAct-IllegalWeapon,2025-11-18T19:07:00,17.339612,78.506842,"Sector 42, Zone 11","Base dataset FIR #271: ArmsAct-IllegalWeapon recorded near patrol zone served by Velachery PS. Generated for analytics, upload, and demo seeding.",Velachery PS,False,False,4
MV-184,Accident-RashDriving,2025-10-18T11:00:00,12.941447,77.639219,"Sector 22, Zone 2","Base dataset FIR #272: Accident-RashDriving recorded near patrol zone served by Tambaram PS. Generated for analytics, upload, and demo seeding.",Tambaram PS,True,False,3
420,IPC-Fraud,2025-05-30T13:43:00,13.011011,80.287551,"Sector 28, Zone 11","Base dataset FIR #273: IPC-Fraud recorded near patrol zone served by T. Nagar PS. Generated for analytics, upload, and demo seeding.",T. Nagar PS,False,False,3
NDPS-21,NDPS-DrugPossession,2025-09-13T07:43:00,13.044452,80.230568,"Sector 43, Zone 10","Base dataset FIR #274: NDPS-DrugPossession recorded near patrol zone served by Mylapore PS. Generated for analytics, upload, and demo seeding.",Mylapore PS,False,False,4
376,IPC-SexualOffence,2025-11-19T19:56:00,17.425373,78.438012,"Sector 49, Zone 1","Base dataset FIR #275: IPC-SexualOffence recorded near patrol zone served by Adyar PS. Generated for analytics, upload, and demo seeding.",Adyar PS,False,False,5
379,IPC-Theft,2025-12-11T01:15:00,13.062251,80.257411,"Sector 22, Zone 7","Base dataset FIR #276: IPC-Theft recorded near patrol zone served by Anna Nagar PS. Generated for analytics, upload, and demo seeding.",Anna Nagar PS,False,False,2
420,IPC-Fraud,2025-08-20T22:20:00,17.34324,78.559808,"Sector 20, Zone 7","Base dataset FIR #277: IPC-Fraud recorded near patrol zone served by T. Nagar PS. Generated for analytics, upload, and demo seeding.",T. Nagar PS,False,False,3
323,IPC-Assault,2025-07-13T08:31:00,13.135243,80.198165,"Sector 32, Zone 7","Base dataset FIR #278: IPC-Assault recorded near patrol zone served by Tambaram PS. Generated for analytics, upload, and demo seeding.",Tambaram PS,False,False,2
323,IPC-Assault,2025-10-01T23:07:00,12.946122,77.614891,"Sector 29, Zone 5","Base dataset FIR #279: IPC-Assault recorded near patrol zone served by Mylapore PS. Generated for analytics, upload, and demo seeding.",Mylapore PS,False,False,2
379,IPC-Theft,2026-03-16T21:02:00,12.930223,77.642084,"Sector 14, Zone 5","Base dataset FIR #280: IPC-Theft recorded near patrol zone served by Mylapore PS. Generated for analytics, upload, and demo seeding.",Mylapore PS,False,False,2
379,IPC-Theft,2025-07-11T04:09:00,17.437185,78.436135,"Sector 35, Zone 1","Base dataset FIR #281: IPC-Theft recorded near patrol zone served by Tambaram PS. Generated for analytics, upload, and demo seeding.",Tambaram PS,False,False,2
MV-184,Accident-RashDriving,2026-01-31T04:46:00,12.961543,77.590986,"Sector 3, Zone 9","Base dataset FIR #282: Accident-RashDriving recorded near patrol zone served by Tambaram PS. Generated for analytics, upload, and demo seeding.",Tambaram PS,True,False,3
NDPS-27,NDPS-DrugConsumption,2025-08-14T09:29:00,12.925297,77.618028,"Sector 34, Zone 8","Base dataset FIR #283: NDPS-DrugConsumption recorded near patrol zone served by Mylapore PS. Generated for analytics, upload, and demo seeding.",Mylapore PS,False,False,3
420,IPC-Fraud,2026-02-10T12:28:00,12.930215,77.633943,"Sector 27, Zone 3","Base dataset FIR #284: IPC-Fraud recorded near patrol zone served by Anna Nagar PS. Generated for analytics, upload, and demo seeding.",Anna Nagar PS,False,False,3
379,IPC-Theft,2025-11-14T06:36:00,12.977034,77.533303,"Sector 31, Zone 7","Base dataset FIR #285: IPC-Theft recorded near patrol zone served by Tambaram PS. Generated for analytics, upload, and demo seeding.",Tambaram PS,False,False,2
379,IPC-Theft,2025-08-12T20:21:00,17.426817,78.44847,"Sector 26, Zone 8","Base dataset FIR #286: IPC-Theft recorded near patrol zone served by T. Nagar PS. Generated for analytics, upload, and demo seeding.",T. Nagar PS,False,False,2
NDPS-21,NDPS-DrugPossession,2025-10-29T18:34:00,17.447877,78.491547,"Sector 43, Zone 10","Base dataset FIR #287: NDPS-DrugPossession recorded near patrol zone served by Velachery PS. Generated for analytics, upload, and demo seeding.",Velachery PS,False,False,4
323,IPC-Assault,2026-03-24T19:22:00,12.915975,77.531779,"Sector 49, Zone 5","Base dataset FIR #288: IPC-Assault recorded near patrol zone served by Tambaram PS. Generated for analytics, upload, and demo seeding.",Tambaram PS,False,False,2
ARMS-25,ArmsAct-IllegalWeapon,2026-01-14T09:36:00,17.432413,78.450146,"Sector 7, Zone 11","Base dataset FIR #289: ArmsAct-IllegalWeapon recorded near patrol zone served by Anna Nagar PS. Generated for analytics, upload, and demo seeding.",Anna Nagar PS,False,False,4
379,IPC-Theft,2025-11-17T12:00:00,13.052506,80.226261,"Sector 19, Zone 4","Base dataset FIR #290: IPC-Theft recorded near patrol zone served by T. Nagar PS. Generated for analytics, upload, and demo seeding.",T. Nagar PS,False,False,2
NDPS-21,NDPS-DrugPossession,2025-08-11T14:46:00,17.431647,78.43421,"Sector 27, Zone 9","Base dataset FIR #291: NDPS-DrugPossession recorded near patrol zone served by Velachery PS. Generated for analytics, upload, and demo seeding.",Velachery PS,False,False,4
379,IPC-Theft,2026-01-29T23:05:00,12.936944,77.611462,"Sector 24, Zone 10","Base dataset FIR #292: IPC-Theft recorded near patrol zone served by Adyar PS. Generated for analytics, upload, and demo seeding.",Adyar PS,False,False,2
420,IPC-Fraud,2025-12-10T01:14:00,13.046074,80.242949,"Sector 46, Zone 10","Base dataset FIR #293: IPC-Fraud recorded near patrol zone served by Velachery PS. Generated for analytics, upload, and demo seeding.",Velachery PS,False,False,3
379,IPC-Theft,2025-04-20T13:13:00,13.057463,80.250159,"Sector 16, Zone 3","Base dataset FIR #294: IPC-Theft recorded near patrol zone served by Tambaram PS. Generated for analytics, upload, and demo seeding.",Tambaram PS,False,False,2
376,IPC-SexualOffence,2025-04-22T03:17:00,13.153608,80.224538,"Sector 19, Zone 7","Base dataset FIR #295: IPC-SexualOffence recorded near patrol zone served by Velachery PS. Generated for analytics, upload, and demo seeding.",Velachery PS,False,True,5
376,IPC-SexualOffence,2026-04-02T16:55:00,17.457305,78.479901,"Sector 28, Zone 12","Base dataset FIR #296: IPC-SexualOffence recorded near patrol zone served by Velachery PS. Generated for analytics, upload, and demo seeding.",Velachery PS,False,True,5
323,IPC-Assault,2025-07-22T08:25:00,17.449726,78.449049,"Sector 8, Zone 12","Base dataset FIR #297: IPC-Assault recorded near patrol zone served by Adyar PS. Generated for analytics, upload, and demo seeding.",Adyar PS,False,False,2
NDPS-21,NDPS-DrugPossession,2025-08-07T15:31:00,12.924398,77.626036,"Sector 34, Zone 12","Base dataset FIR #298: NDPS-DrugPossession recorded near patrol zone served by Tambaram PS. Generated for analytics, upload, and demo seeding.",Tambaram PS,False,False,4
379,IPC-Theft,2025-09-23T16:27:00,12.935066,77.524734,"Sector 10, Zone 6","Base dataset FIR #299: IPC-Theft recorded near patrol zone served by Velachery PS. Generated for analytics, upload, and demo seeding.",Velachery PS,False,False,2
379,IPC-Theft,2025-04-12T20:00:00,12.949549,77.619102,"Sector 38, Zone 7","Base dataset FIR #300: IPC-Theft recorded near patrol zone served by Velachery PS. Generated for analytics, upload, and demo seeding.",Velachery PS,False,False,2
